location_name,year_id,spending,mean_val
Alabama,1999,3689,12.361432180200001
Alabama,2000,3921,10.5288659848
Alabama,2001,4158,10.6466627174
Alabama,2002,4513,11.9405072176
Alabama,2003,4995,13.2346774714
Alabama,2004,5238,13.930864620200001
Alabama,2005,5546,13.9550863928
Alabama,2006,5768,13.668904497
Alabama,2007,5942,13.5094949304
Alabama,2008,6100,13.6855529064
Alabama,2009,6322,14.192807542
Alabama,2010,6406,14.818986715400001
Alabama,2011,6513,15.4181556386
Alabama,2012,6797,16.5987409938
Alabama,2013,6969,18.6480842576
Alabama,2014,7277,21.6837735786
Alabama,2015,7657,26.0807826814
Alabama,2016,7968,33.0375856976
Alabama,2017,8154,40.8611563772
Alabama,2018,8343,42.259984294800006
Alabama,2019,8741,34.7649824036
Alaska,1999,4076,10.6964672602
Alaska,2000,4559,8.673893975
Alaska,2001,5163,8.9365872634
Alaska,2002,5671,10.6321511526
Alaska,2003,6100,12.347729474
Alaska,2004,6445,13.5599372812
Alaska,2005,7081,14.315669504999999
Alaska,2006,7423,14.6652766358
Alaska,2007,7923,15.1305896566
Alaska,2008,8314,15.873213137
Alaska,2009,8550,15.974940777
Alaska,2010,8927,15.0893994286
Alaska,2011,9343,13.6805914754
Alaska,2012,9930,13.4416521472
Alaska,2013,10085,14.477184529999999
Alaska,2014,10535,16.6765571322
Alaska,2015,11460,19.4812292966
Alaska,2016,11761,23.770380042
Alaska,2017,12303,30.068097552
Alaska,2018,12695,33.824833554
Alaska,2019,13226,31.3668421804
Arizona,1999,3068,14.796820841999999
Arizona,2000,3225,15.138475884
Arizona,2001,3435,15.4808435118
Arizona,2002,3791,15.1896731194
Arizona,2003,4090,14.590098075999999
Arizona,2004,4390,14.8306873904
Arizona,2005,4841,16.373156217400002
Arizona,2006,5127,17.7849257054
Arizona,2007,5441,18.2963620232
Arizona,2008,5677,18.2310372068
Arizona,2009,5877,20.0240650686
Arizona,2010,6020,24.408525984
Arizona,2011,6075,31.238673868
Arizona,2012,6207,36.063775944
Arizona,2013,6289,37.600356452
Arizona,2014,6561,36.718121452
Arizona,2015,6885,35.95483417
Arizona,2016,7189,34.763465782
Arizona,2017,7539,34.767779673999996
Arizona,2018,7816,41.93255064
Arizona,2019,8145,61.029104568
Arkansas,1999,3517,18.107959219799998
Arkansas,2000,3709,16.3916330022
Arkansas,2001,4008,16.305182985800002
Arkansas,2002,4355,17.2690293644
Arkansas,2003,4618,18.048226001
Arkansas,2004,4879,18.455170073
Arkansas,2005,5238,18.698054680200002
Arkansas,2006,5462,19.9036103256
Arkansas,2007,5757,23.0409093056
Arkansas,2008,5985,28.7632336854
Arkansas,2009,6223,34.4867750512
Arkansas,2010,6378,38.081100320800005
Arkansas,2011,6541,38.1022505764
Arkansas,2012,6773,37.367874402
Arkansas,2013,6819,37.480935207399995
Arkansas,2014,7284,38.873251683199996
Arkansas,2015,7620,40.2232011626
Arkansas,2016,8079,41.5058490622
Arkansas,2017,8409,42.9023540288
Arkansas,2018,8545,43.2128089464
Arkansas,2019,8853,41.1470134388
California,1999,3436,14.639799404400001
California,2000,3567,11.764626549199999
California,2001,3831,12.6374921742
California,2002,4129,17.961101626
California,2003,4493,25.57936568
California,2004,4766,32.152277952
California,2005,5097,36.39010255
California,2006,5394,36.961188056
California,2007,5775,33.501947197999996
California,2008,6035,28.016219816
California,2009,6207,25.343964726
California,2010,6480,24.990231498
California,2011,6741,25.497714824
California,2012,7038,25.318893138
California,2013,7241,25.081713946
California,2014,7472,25.255855928
California,2015,7998,25.904691166
California,2016,8325,26.690036398000004
California,2017,8594,27.137880806
California,2018,9069,27.517729978
California,2019,9628,27.890937284
Colorado,1999,3464,10.7886336316
Colorado,2000,3767,12.2247110084
Colorado,2001,3994,13.7295854252
Colorado,2002,4275,14.946978044
Colorado,2003,4585,15.5293886292
Colorado,2004,4835,16.061275617
Colorado,2005,4952,16.756498348
Colorado,2006,5295,16.6818550496
Colorado,2007,5560,15.6236991994
Colorado,2008,5692,14.1252746834
Colorado,2009,5860,13.9073821382
Colorado,2010,5932,15.1288884508
Colorado,2011,6061,17.3073777462
Colorado,2012,6221,19.990332306
Colorado,2013,6364,23.935768926199998
Colorado,2014,6680,28.963033294
Colorado,2015,7075,32.411106128
Colorado,2016,7323,33.817189570000004
Colorado,2017,7615,33.147697281999996
Colorado,2018,7998,30.087713538
Colorado,2019,8286,25.966727208000002
Connecticut,1999,4929,7.287373220399999
Connecticut,2000,5166,8.5419348518
Connecticut,2001,5541,9.3848811268
Connecticut,2002,5933,9.3865283248
Connecticut,2003,6217,9.4839957126
Connecticut,2004,6714,10.4398292146
Connecticut,2005,6988,12.3892852058
Connecticut,2006,7391,14.0386746056
Connecticut,2007,7799,14.9226190306
Connecticut,2008,8195,15.2853067134
Connecticut,2009,8721,16.1373049198
Connecticut,2010,8831,17.484266526
Connecticut,2011,8910,18.900174347
Connecticut,2012,9229,19.2963124622
Connecticut,2013,9440,18.626747672
Connecticut,2014,9831,17.739165609
Connecticut,2015,10294,18.1476743472
Connecticut,2016,10705,19.851377803
Connecticut,2017,10989,21.4907678328
Connecticut,2018,11378,22.3431350228
Connecticut,2019,11831,22.6499768508
Delaware,1999,4541,8.8524278722
Delaware,2000,4752,8.7708537588
Delaware,2001,5062,9.1413188786
Delaware,2002,5518,10.000062835
Delaware,2003,6144,10.7409507862
Delaware,2004,6577,11.1807510816
Delaware,2005,6946,11.473603145599998
Delaware,2006,7301,12.047160675
Delaware,2007,7721,13.320573322400001
Delaware,2008,8107,15.2891582002
Delaware,2009,8385,16.7960954608
Delaware,2010,8802,17.3037071698
Delaware,2011,9202,16.994546063799998
Delaware,2012,9446,17.1438912854
Delaware,2013,9768,18.0341077574
Delaware,2014,10263,19.4240218556
Delaware,2015,10714,20.6646402408
Delaware,2016,10933,21.6097535008
Delaware,2017,11444,21.8848342392
Delaware,2018,11771,21.830502349
Delaware,2019,12213,21.240446262
District of Columbia,1999,6291,19.1797583978
District of Columbia,2000,6292,17.110384288200002
District of Columbia,2001,6637,17.2573807598
District of Columbia,2002,7167,19.346667187399998
District of Columbia,2003,7646,21.9012532966
District of Columbia,2004,8359,24.251639378
District of Columbia,2005,8908,26.8505877772
District of Columbia,2006,9251,29.3428372628
District of Columbia,2007,9851,30.999894722
District of Columbia,2008,10223,29.9538762464
District of Columbia,2009,10701,27.078938418
District of Columbia,2010,11112,25.384965253799997
District of Columbia,2011,11537,25.2521649044
District of Columbia,2012,11426,26.716451323999998
District of Columbia,2013,11583,29.4546185572
District of Columbia,2014,11975,30.4348609628
District of Columbia,2015,12500,28.3689221894
District of Columbia,2016,12851,26.1817491568
District of Columbia,2017,13131,25.8806851114
District of Columbia,2018,13487,27.9206001884
District of Columbia,2019,13934,31.3094274454
Florida,1999,4132,15.632962742
Florida,2000,4445,13.219904287
Florida,2001,4724,12.9850554774
Florida,2002,5021,14.5266661124
Florida,2003,5327,16.734213122
Florida,2004,5671,18.8862474686
Florida,2005,5954,20.7391836556
Florida,2006,6298,21.769179862
Florida,2007,6608,22.30747208
Florida,2008,6856,23.176262032
Florida,2009,7118,26.25033213
Florida,2010,7269,31.129483162
Florida,2011,7375,35.540540774
Florida,2012,7609,37.44117368
Florida,2013,7603,37.675928208
Florida,2014,7965,37.307131674000004
Florida,2015,8330,37.129543728
Florida,2016,8519,37.320330784
Florida,2017,8814,37.810904258
Florida,2018,9148,38.960652792000005
Florida,2019,9490,42.639785346
Georgia,1999,3431,19.67107268
Georgia,2000,3601,22.948591818
Georgia,2001,3800,26.2982334
Georgia,2002,4139,28.972518394
Georgia,2003,4367,30.504216392
Georgia,2004,4725,28.942668268
Georgia,2005,4905,24.188622084000002
Georgia,2006,5181,21.7133556808
Georgia,2007,5365,22.7601068096
Georgia,2008,5384,28.200808136
Georgia,2009,5527,34.883983719999996
Georgia,2010,5551,39.512475674
Georgia,2011,5696,41.04343834
Georgia,2012,5981,44.242415968
Georgia,2013,6229,51.004496392
Georgia,2014,6622,60.29612816
Georgia,2015,7055,64.677332476
Georgia,2016,7353,62.997839718
Georgia,2017,7605,58.858757818
Georgia,2018,7844,56.307980502
Georgia,2019,8243,54.193425755999996
Hawaii,1999,3742,6.879096378
Hawaii,2000,3874,6.6975752982
Hawaii,2001,4094,7.0285968794
Hawaii,2002,4412,8.0231768818
Hawaii,2003,4757,9.3891999018
Hawaii,2004,5016,11.4047625142
Hawaii,2005,5381,15.172674451399999
Hawaii,2006,5555,18.2472342732
Hawaii,2007,6093,17.603889971
Hawaii,2008,6364,14.0119921798
Hawaii,2009,6510,11.8310280694
Hawaii,2010,6440,11.0977484764
Hawaii,2011,6460,11.2530265634
Hawaii,2012,6738,12.002104008
Hawaii,2013,6880,13.553955009600001
Hawaii,2014,7224,15.5115834118
Hawaii,2015,7747,16.3733154372
Hawaii,2016,8041,15.788151339399999
Hawaii,2017,8496,14.684525569
Hawaii,2018,8932,14.891615894000001
Hawaii,2019,9555,16.5869665074
Idaho,1999,3155,25.040558389599997
Idaho,2000,3372,21.075942378
Idaho,2001,3631,20.4313405946
Idaho,2002,4004,25.3645759712
Idaho,2003,4253,33.903230787
Idaho,2004,4474,43.313172384000005
Idaho,2005,4793,54.3455569022
Idaho,2006,5060,63.100702281
Idaho,2007,5314,61.6531693972
Idaho,2008,5448,50.746146644
Idaho,2009,5668,43.6807580336
Idaho,2010,5909,40.7171745798
Idaho,2011,6052,39.1326573482
Idaho,2012,6283,38.1211394524
Idaho,2013,6377,37.7756944816
Idaho,2014,6615,38.0953699294
Idaho,2015,6843,39.8471067866
Idaho,2016,6974,43.8644972408
Idaho,2017,7257,50.4109413496
Idaho,2018,7444,61.597838849199995
Idaho,2019,7723,81.68064080399999
Illinois,1999,3908,9.8296477292
Illinois,2000,4166,10.867005171399999
Illinois,2001,4448,11.335956209
Illinois,2002,4786,10.9945835152
Illinois,2003,5077,10.4290134218
Illinois,2004,5344,10.8398979026
Illinois,2005,5679,12.7517232694
Illinois,2006,6042,15.021789219999999
Illinois,2007,6467,16.9120150874
Illinois,2008,6629,18.1960502048
Illinois,2009,6859,19.5125956436
Illinois,2010,7159,21.2237464664
Illinois,2011,7300,23.1476100676
Illinois,2012,7505,24.2152473364
Illinois,2013,7695,24.0543917928
Illinois,2014,8017,22.9521962132
Illinois,2015,8300,22.2726821772
Illinois,2016,8630,22.3818765492
Illinois,2017,8849,22.1191932022
Illinois,2018,9118,19.556447112
Illinois,2019,9496,16.558677252
Indiana,1999,3784,14.563675984
Indiana,2000,4018,9.3319838598
Indiana,2001,4335,7.8900454032
Indiana,2002,4664,8.1462149758
Indiana,2003,5030,8.6294784894
Indiana,2004,5394,9.786147660400001
Indiana,2005,5638,12.2395982858
Indiana,2006,5996,15.0976454568
Indiana,2007,6296,18.4173538954
Indiana,2008,6380,22.4977979116
Indiana,2009,6710,28.0080513404
Indiana,2010,6859,36.026219666
Indiana,2011,7104,47.14439984
Indiana,2012,7618,54.749710538
Indiana,2013,7647,55.475893872
Indiana,2014,7998,51.221147258
Indiana,2015,8368,47.788596512
Indiana,2016,8776,44.619287526
Indiana,2017,9015,41.050599672000004
Indiana,2018,9297,39.003415056
Indiana,2019,9927,40.643295258
Iowa,1999,3997,15.1775964198
Iowa,2000,4226,13.8416595256
Iowa,2001,4561,13.9998981362
Iowa,2002,4845,15.362286964199999
Iowa,2003,5211,16.4404709878
Iowa,2004,5470,18.1421637064
Iowa,2005,5808,22.056073679
Iowa,2006,6172,26.4391522168
Iowa,2007,6444,28.9168355518
Iowa,2008,6658,28.2440514384
Iowa,2009,6889,28.3986911678
Iowa,2010,7095,30.624258502
Iowa,2011,7310,33.919001882399996
Iowa,2012,7547,34.6688633426
Iowa,2013,7638,33.019246074
Iowa,2014,7967,30.839866754
Iowa,2015,8358,31.49309723
Iowa,2016,8464,35.0434789
Iowa,2017,8525,38.661124634
Iowa,2018,8812,40.158712082
Iowa,2019,9193,42.322867799600004
Kansas,1999,3981,13.3485820124
Kansas,2000,4225,10.4448068008
Kansas,2001,4532,9.832158385
Kansas,2002,4839,11.2898641462
Kansas,2003,5138,13.015721040799999
Kansas,2004,5456,14.9775377724
Kansas,2005,5758,17.9281128466
Kansas,2006,6026,21.122333932
Kansas,2007,6349,24.295546313
Kansas,2008,6570,27.0207473484
Kansas,2009,6727,28.912530982
Kansas,2010,6803,29.998199644
Kansas,2011,7071,30.53447495
Kansas,2012,7385,31.821297956000002
Kansas,2013,7240,33.779885866
Kansas,2014,7368,35.3043934846
Kansas,2015,7634,35.732926392799996
Kansas,2016,7845,35.5031584786
Kansas,2017,8060,35.749674313999996
Kansas,2018,8381,37.828037226
Kansas,2019,8745,44.089065028
Kentucky,1999,3814,14.802575901200001
Kentucky,2000,4154,14.2385547206
Kentucky,2001,4455,14.159013642600002
Kentucky,2002,4823,15.175614375199999
Kentucky,2003,5084,16.6001777552
Kentucky,2004,5385,17.660452715599998
Kentucky,2005,5659,17.9565615998
Kentucky,2006,5981,17.8487645942
Kentucky,2007,6206,18.0116640054
Kentucky,2008,6351,18.6951041438
Kentucky,2009,6676,19.996133014399998
Kentucky,2010,6861,21.829599058
Kentucky,2011,7097,23.8865237604
Kentucky,2012,7249,25.9851721348
Kentucky,2013,7499,28.0889746806
Kentucky,2014,7965,30.0846381124
Kentucky,2015,8306,32.201974826
Kentucky,2016,8611,34.824958696
Kentucky,2017,8959,37.4835898834
Kentucky,2018,9332,39.1643511678
Kentucky,2019,9744,38.8308075568
Louisiana,1999,3892,19.802476847999998
Louisiana,2000,4021,16.5066862738
Louisiana,2001,4261,16.114245064000002
Louisiana,2002,4544,18.2937919648
Louisiana,2003,4902,21.2103390308
Louisiana,2004,5230,22.7302452684
Louisiana,2005,5412,21.8171850132
Louisiana,2006,5935,19.6604517222
Louisiana,2007,6286,17.901359396
Louisiana,2008,6594,17.620108228
Louisiana,2009,6929,19.780257442
Louisiana,2010,7187,24.360837746
Louisiana,2011,7124,31.6872519
Louisiana,2012,7271,40.985370012
Louisiana,2013,7462,52.588877004
Louisiana,2014,7855,65.756290064
Louisiana,2015,8201,74.102741448
Louisiana,2016,8542,75.507614464
Louisiana,2017,8984,69.02666343199999
Louisiana,2018,9217,56.120553494
Louisiana,2019,9657,41.993169558
Maine,1999,4394,7.7062063281999995
Maine,2000,4638,7.5689734708000005
Maine,2001,5049,7.6196885676
Maine,2002,5492,8.478156277
Maine,2003,6002,9.461681802000001
Maine,2004,6471,10.1181553318
Maine,2005,6875,10.3227763352
Maine,2006,7295,10.1941099878
Maine,2007,7637,10.2464452838
Maine,2008,7924,10.73173028
Maine,2009,8192,11.6047769398
Maine,2010,8342,12.5568399156
Maine,2011,8584,12.999007756600001
Maine,2012,8753,13.319259779200001
Maine,2013,8813,14.091315798
Maine,2014,9115,15.2002599546
Maine,2015,9591,15.9597970726
Maine,2016,10018,15.8135708094
Maine,2017,10399,14.7221860864
Maine,2018,10950,14.6401068086
Maine,2019,11488,17.041878423
Maryland,1999,3967,13.0227220618
Maryland,2000,4227,14.6785413176
Maryland,2001,4592,15.698555407999999
Maryland,2002,4986,15.9171313206
Maryland,2003,5385,16.4186242132
Maryland,2004,5724,17.1430952178
Maryland,2005,6075,17.6769060086
Maryland,2006,6560,18.2025303724
Maryland,2007,6945,19.2075122728
Maryland,2008,7226,20.9262290098
Maryland,2009,7518,22.6424211858
Maryland,2010,7744,23.819530981
Maryland,2011,7928,24.0610349408
Maryland,2012,8110,23.8573559476
Maryland,2013,8217,23.4439844308
Maryland,2014,8574,23.0951621534
Maryland,2015,9001,23.3446903918
Maryland,2016,9321,24.3918486696
Maryland,2017,9592,26.0792668422
Maryland,2018,9934,27.3026847346
Maryland,2019,10248,27.1867819556
Massachusetts,1999,4877,9.1658133196
Massachusetts,2000,5171,8.101864373
Massachusetts,2001,5608,7.6195569714
Massachusetts,2002,6118,9.1106176982
Massachusetts,2003,6599,10.922003207
Massachusetts,2004,7012,12.2793593034
Massachusetts,2005,7479,13.1664648628
Massachusetts,2006,8055,13.1759077034
Massachusetts,2007,8617,12.9007121358
Massachusetts,2008,8974,12.737114160199999
Massachusetts,2009,9361,12.9946943592
Massachusetts,2010,9533,13.330490255199999
Massachusetts,2011,9720,13.0047130084
Massachusetts,2012,9952,13.204128463
Massachusetts,2013,10085,14.347114855400001
Massachusetts,2014,10394,16.159680167
Massachusetts,2015,11010,20.727347904200002
Massachusetts,2016,11490,32.10532168
Massachusetts,2017,11746,46.901668698
Massachusetts,2018,12215,49.766772054
Massachusetts,2019,12729,39.56773825
Michigan,1999,3820,14.7069506562
Michigan,2000,4050,8.9937530362
Michigan,2001,4297,8.9846886462
Michigan,2002,4576,15.1950003084
Michigan,2003,4895,25.2798877952
Michigan,2004,5261,32.138485806
Michigan,2005,5564,34.5568013
Michigan,2006,5979,36.907696277999996
Michigan,2007,6318,37.371619442
Michigan,2008,6552,33.863579262
Michigan,2009,6824,31.54486542
Michigan,2010,7089,31.631585126
Michigan,2011,7345,33.2032192
Michigan,2012,7579,32.819601160000005
Michigan,2013,7693,30.264036192
Michigan,2014,7967,27.1731857186
Michigan,2015,8372,26.077378906
Michigan,2016,8707,26.6425765568
Michigan,2017,8940,28.420940599599998
Michigan,2018,9142,32.3413785072
Michigan,2019,9532,42.9439136644
Midwest Census Region,1999,3939.9166666666665,14.1118613158
Midwest Census Region,2000,4211.416666666667,12.2935026908
Midwest Census Region,2001,4549.75,11.924254037
Midwest Census Region,2002,4916.083333333333,12.8729209448
Midwest Census Region,2003,5245.416666666667,14.6452247318
Midwest Census Region,2004,5561,16.5872719136
Midwest Census Region,2005,5890.416666666667,18.7997894422
Midwest Census Region,2006,6236.666666666667,21.14335633
Midwest Census Region,2007,6586.75,23.4104327132
Midwest Census Region,2008,6820.583333333333,25.6216301252
Midwest Census Region,2009,7102.083333333333,28.6524556534
Midwest Census Region,2010,7331.75,32.526311156
Midwest Census Region,2011,7564.916666666667,36.459406054
Midwest Census Region,2012,7825.583333333333,37.97952493
Midwest Census Region,2013,7947.166666666667,36.909898745999996
Midwest Census Region,2014,8259.916666666666,34.77902602
Midwest Census Region,2015,8618.916666666666,33.647599262
Midwest Census Region,2016,8926,33.463673496
Midwest Census Region,2017,9167,34.15878576
Midwest Census Region,2018,9472.833333333334,35.48190549
Midwest Census Region,2019,9904.666666666666,38.759693966
Minnesota,1999,4179,11.5595555418
Minnesota,2000,4506,8.9644408248
Minnesota,2001,4880,8.6208083214
Minnesota,2002,5312,9.7292855746
Minnesota,2003,5675,10.668201464800001
Minnesota,2004,6000,11.855380715599999
Minnesota,2005,6328,13.898361349
Minnesota,2006,6673,15.6472051646
Minnesota,2007,7045,17.5502399334
Minnesota,2008,7227,20.6075541398
Minnesota,2009,7532,24.6948141912
Minnesota,2010,7801,28.558797298600002
Minnesota,2011,8013,30.727983252999998
Minnesota,2012,8242,30.8386675828
Minnesota,2013,8533,29.1080036822
Minnesota,2014,8919,26.3528134778
Minnesota,2015,9163,25.332841378
Minnesota,2016,9540,25.819478762
Minnesota,2017,9782,26.408749654
Minnesota,2018,10174,27.105119986
Minnesota,2019,10510,28.824520709999998
Mississippi,1999,3420,15.4788407496
Mississippi,2000,3704,15.143120607
Mississippi,2001,4063,16.222891831400002
Mississippi,2002,4403,17.5327675242
Mississippi,2003,4699,18.38519349
Mississippi,2004,5060,19.2583999264
Mississippi,2005,5364,20.5076565192
Mississippi,2006,5775,21.2680927078
Mississippi,2007,6161,21.6719056438
Mississippi,2008,6380,22.4323954842
Mississippi,2009,6551,24.443216389
Mississippi,2010,6554,27.0632791736
Mississippi,2011,6735,28.899356543
Mississippi,2012,7210,28.7822529308
Mississippi,2013,7203,27.2030355332
Mississippi,2014,7500,25.41415979
Mississippi,2015,7777,25.01311213
Mississippi,2016,8170,26.011379166
Mississippi,2017,8392,28.266394892
Mississippi,2018,8417,31.8591977912
Mississippi,2019,8745,36.8796308418
Missouri,1999,3864,16.104698956
Missouri,2000,4159,14.5295636718
Missouri,2001,4447,14.8740366878
Missouri,2002,4843,16.7948084932
Missouri,2003,5185,18.7465522088
Missouri,2004,5433,20.2741444306
Missouri,2005,5665,21.467975025
Missouri,2006,5816,21.9627339032
Missouri,2007,6329,21.9698075716
Missouri,2008,6651,21.809210880000002
Missouri,2009,6818,23.318893592
Missouri,2010,6990,27.077931782
Missouri,2011,7265,32.599024598
Missouri,2012,7538,37.71264935
Missouri,2013,7592,42.583469692
Missouri,2014,7828,46.762953202
Missouri,2015,8261,48.178337632
Missouri,2016,8608,45.46797903
Missouri,2017,8824,39.694482588
Missouri,2018,9032,36.13409862
Missouri,2019,9431,38.044370262
Montana,1999,3571,24.0632397298
Montana,2000,3855,20.1911194148
Montana,2001,4197,21.4553271728
Montana,2002,4477,27.827607762
Montana,2003,4802,35.966262254
Montana,2004,5055,42.44440908
Montana,2005,5440,46.578065396
Montana,2006,5759,46.956641564
Montana,2007,6102,43.285758924
Montana,2008,6345,37.481604556
Montana,2009,6637,35.955499246
Montana,2010,6919,39.187257118
Montana,2011,7150,46.496877827999995
Montana,2012,7461,53.54877849
Montana,2013,7703,59.882944171999995
Montana,2014,7942,63.445344542
Montana,2015,8344,61.46784069
Montana,2016,8680,56.094400002
Montana,2017,9030,52.549653322
Montana,2018,9354,54.06116065
Montana,2019,9808,55.415943698
National,1999,3868,15.25821653
National,2000,4101,13.716996803666667
National,2001,4411,14.059978236
National,2002,4750,16.055285828333332
National,2003,5090,18.705274933333335
National,2004,5406,21.19543836
National,2005,5734,23.463205651666666
National,2006,6056,25.017119413333333
National,2007,6381,25.681593903333333
National,2008,6603,25.955485208333332
National,2009,6866,27.162773096666665
National,2010,7052,29.085611413333332
National,2011,7236,31.273872313333335
National,2012,7477,33.186758483333335
National,2013,7611,34.94505696833333
National,2014,7938,36.62997703
National,2015,8337,37.378106785
National,2016,8652,37.028119485000005
National,2017,8936,36.53336947
National,2018,9246,37.33934282333333
National,2019,9671,39.76466854666667
Nebraska,1999,3747,15.0106912876
Nebraska,2000,4125,18.324372415
Nebraska,2001,4545,18.6756622952
Nebraska,2002,4872,16.2634764618
Nebraska,2003,5223,14.67718915
Nebraska,2004,5584,15.020227932400001
Nebraska,2005,5931,16.9683966334
Nebraska,2006,6363,18.9162814862
Nebraska,2007,6653,20.720410223400002
Nebraska,2008,6928,22.570028528
Nebraska,2009,7104,24.859998446
Nebraska,2010,7406,27.51666775
Nebraska,2011,7580,29.75593019
Nebraska,2012,7824,30.951530802
Nebraska,2013,7928,31.775787198
Nebraska,2014,8175,32.860275586
Nebraska,2015,8579,34.082936682
Nebraska,2016,8943,35.600578458
Nebraska,2017,9189,37.890248458
Nebraska,2018,9492,41.973155196
Nebraska,2019,9917,54.516813078
Nevada,1999,3146,13.602819069799999
Nevada,2000,3392,15.1054831798
Nevada,2001,3674,17.3147995006
Nevada,2002,4072,19.5827013692
Nevada,2003,4376,21.1181804724
Nevada,2004,4667,22.1166556898
Nevada,2005,4911,22.7410476634
Nevada,2006,5152,22.6656367382
Nevada,2007,5436,22.1120542884
Nevada,2008,5614,21.400290241
Nevada,2009,5695,21.4659263356
Nevada,2010,5788,21.8486651788
Nevada,2011,5973,21.2812293374
Nevada,2012,6056,21.3007423034
Nevada,2013,6259,23.6017691344
Nevada,2014,6723,28.8390890722
Nevada,2015,6987,33.284794833199996
Nevada,2016,7377,35.3881399314
Nevada,2017,7642,35.8993154764
Nevada,2018,7892,37.033019234
Nevada,2019,8114,36.12847617
New Hampshire,1999,3982,24.111626214599998
New Hampshire,2000,4236,93.8507691814
New Hampshire,2001,4520,91.72067926220001
New Hampshire,2002,4827,49.4285721884
New Hampshire,2003,5240,26.836572236800002
New Hampshire,2004,5733,23.472048295
New Hampshire,2005,6285,28.6278647426
New Hampshire,2006,6763,32.3667805676
New Hampshire,2007,7227,33.7031432506
New Hampshire,2008,7583,35.237844660600004
New Hampshire,2009,8129,39.0739059008
New Hampshire,2010,8445,42.674784464
New Hampshire,2011,8717,40.8774137912
New Hampshire,2012,8960,39.0857389726
New Hampshire,2013,9186,39.832505763
New Hampshire,2014,9367,40.2260645912
New Hampshire,2015,9763,44.90102149
New Hampshire,2016,10157,52.520472980200005
New Hampshire,2017,10573,49.631235294
New Hampshire,2018,10974,50.2334655592
New Hampshire,2019,11310,66.5143969326
New Jersey,1999,4345,15.525830768
New Jersey,2000,4732,13.3921359882
New Jersey,2001,4990,13.814028457
New Jersey,2002,5405,18.5393789436
New Jersey,2003,5698,23.972607015
New Jersey,2004,6007,27.911899354000003
New Jersey,2005,6457,30.275181358
New Jersey,2006,6760,31.585840178
New Jersey,2007,7138,33.102286208
New Jersey,2008,7353,35.880384408
New Jersey,2009,7756,42.310077546
New Jersey,2010,7815,53.852980858
New Jersey,2011,7970,66.967750186
New Jersey,2012,8337,69.964357184
New Jersey,2013,8534,63.023612186
New Jersey,2014,9008,55.188820272
New Jersey,2015,9483,52.655931108
New Jersey,2016,9979,50.732245024
New Jersey,2017,10340,48.768393224
New Jersey,2018,10665,49.052119434
New Jersey,2019,11264,49.01340545
New Mexico,1999,3293,15.864755797800001
New Mexico,2000,3463,15.2374153074
New Mexico,2001,3732,16.1321574952
New Mexico,2002,4042,18.1004830742
New Mexico,2003,4287,20.8681488002
New Mexico,2004,4671,24.1361835356
New Mexico,2005,5105,27.624501516000002
New Mexico,2006,5369,29.565935238
New Mexico,2007,5702,29.563567106199997
New Mexico,2008,5997,28.1526161018
New Mexico,2009,6264,27.882797623400002
New Mexico,2010,6430,28.932030354800002
New Mexico,2011,6514,30.0148721272
New Mexico,2012,6679,30.852133727800002
New Mexico,2013,6697,32.6528954564
New Mexico,2014,7010,35.8734374416
New Mexico,2015,7418,38.5694077632
New Mexico,2016,7717,39.6471926632
New Mexico,2017,7973,38.8124242574
New Mexico,2018,8154,36.7657488122
New Mexico,2019,8459,32.1095695814
New York,1999,4842,15.0892718898
New York,2000,5024,13.4674389132
New York,2001,5419,14.2838333064
New York,2002,5828,18.2761953574
New York,2003,6331,23.289133718200002
New York,2004,6720,27.180729462
New York,2005,7051,29.899095026
New York,2006,7485,32.563386484
New York,2007,7841,35.176856316
New York,2008,8059,37.287504092
New York,2009,8506,37.109572238
New York,2010,8759,33.805442338
New York,2011,8991,28.700325138
New York,2012,9085,26.74739214
New York,2013,9371,27.750787218
New York,2014,9805,30.142204036
New York,2015,10305,30.783154426
New York,2016,10927,29.345769649999998
New York,2017,11558,27.474937785999998
New York,2018,12098,30.23080208
New York,2019,12932,39.070504362
North Carolina,1999,3658,11.6152275056
North Carolina,2000,3950,10.6976971626
North Carolina,2001,4350,11.1472288146
North Carolina,2002,4574,12.4415090856
North Carolina,2003,4896,13.473866089200001
North Carolina,2004,5243,13.6617954788
North Carolina,2005,5542,13.0882261982
North Carolina,2006,5835,12.7635195936
North Carolina,2007,5996,13.2811389108
North Carolina,2008,6166,14.9764184678
North Carolina,2009,6454,16.7354222334
North Carolina,2010,6518,17.5312346728
North Carolina,2011,6705,17.2067956914
North Carolina,2012,6968,18.6588530174
North Carolina,2013,6913,23.168120212799998
North Carolina,2014,7194,30.8866075804
North Carolina,2015,7594,35.426889542
North Carolina,2016,7886,34.335312663799996
North Carolina,2017,8105,31.235279824
North Carolina,2018,8285,32.300673958
North Carolina,2019,8619,37.367176354
North Dakota,1999,4136,18.566808652
North Dakota,2000,4383,15.32000283
North Dakota,2001,4797,14.523409312
North Dakota,2002,5298,15.254875896
North Dakota,2003,5499,16.114690536
North Dakota,2004,5839,18.096204122
North Dakota,2005,6175,21.782367662
North Dakota,2006,6556,25.382925706
North Dakota,2007,6992,29.369795226
North Dakota,2008,7319,34.36192414
North Dakota,2009,7707,39.51209392
North Dakota,2010,8011,44.250482598
North Dakota,2011,8324,47.19864718
North Dakota,2012,8457,48.037728184
North Dakota,2013,8712,46.579324308
North Dakota,2014,9005,42.195218796
North Dakota,2015,9357,36.975267806
North Dakota,2016,9682,31.522670276
North Dakota,2017,9961,27.85889352
North Dakota,2018,10269,29.750504258
North Dakota,2019,10653,37.723660736
Northeast Census Region,1999,4480.777777777777,13.4402186406
Northeast Census Region,2000,4759.888888888889,13.7838799508
Northeast Census Region,2001,5124,14.874398235200001
Northeast Census Region,2002,5535.111111111111,17.07490905
Northeast Census Region,2003,5967.777777777777,19.9608799596
Northeast Census Region,2004,6389.111111111111,22.580326316
Northeast Census Region,2005,6817.555555555556,24.540399972
Northeast Census Region,2006,7249.666666666667,26.16175634
Northeast Census Region,2007,7652.111111111111,27.786673576000002
Northeast Census Region,2008,7951.666666666667,29.619085934
Northeast Census Region,2009,8347.444444444445,30.8780022
Northeast Census Region,2010,8567.111111111111,30.911974892
Northeast Census Region,2011,8793,29.702120588
Northeast Census Region,2012,9047.888888888889,29.433075734
Northeast Census Region,2013,9277.111111111111,30.707317766000003
Northeast Census Region,2014,9637.222222222223,33.16132822
Northeast Census Region,2015,10103.555555555555,34.308062524
Northeast Census Region,2016,10517.888888888889,33.640347458
Northeast Census Region,2017,10862,32.55527332
Northeast Census Region,2018,11272.333333333334,33.722224012
Northeast Census Region,2019,11764,37.662964314
Ohio,1999,3927,11.9293724518
Ohio,2000,4208,9.2219171016
Ohio,2001,4637,8.775362906
Ohio,2002,5037,9.6940084256
Ohio,2003,5419,10.435905185
Ohio,2004,5771,11.2686124966
Ohio,2005,6113,12.761735669
Ohio,2006,6397,14.6792966952
Ohio,2007,6674,17.356899896199998
Ohio,2008,6816,21.0394601476
Ohio,2009,7242,24.056575385
Ohio,2010,7397,25.1694255894
Ohio,2011,7488,24.2282558662
Ohio,2012,7854,23.720132131
Ohio,2013,8030,24.2696298908
Ohio,2014,8401,25.4911223232
Ohio,2015,8754,25.560967184200003
Ohio,2016,9062,24.6849379044
Ohio,2017,9400,23.6983750396
Ohio,2018,9627,23.664035582
Ohio,2019,10173,24.4377946
Oklahoma,1999,3551,18.24303772
Oklahoma,2000,3754,16.739608018
Oklahoma,2001,4093,17.2219176686
Oklahoma,2002,4358,19.294164538
Oklahoma,2003,4755,21.90290456
Oklahoma,2004,4961,24.111467740000002
Oklahoma,2005,5366,25.418919344
Oklahoma,2006,5688,26.5610685196
Oklahoma,2007,6039,28.4268207728
Oklahoma,2008,6372,31.191591118
Oklahoma,2009,6514,33.47706267
Oklahoma,2010,6664,34.518691034
Oklahoma,2011,6937,34.068135670000004
Oklahoma,2012,7212,34.143827308
Oklahoma,2013,7316,35.272885596
Oklahoma,2014,7658,37.01485525
Oklahoma,2015,7902,38.446649742000005
Oklahoma,2016,8132,40.445803538
Oklahoma,2017,8382,42.861898468
Oklahoma,2018,8625,42.841055324
Oklahoma,2019,8923,38.969308898
Oregon,1999,3533,9.8788861042
Oregon,2000,3734,10.993460824
Oregon,2001,4139,12.1514865492
Oregon,2002,4396,12.899725642
Oregon,2003,4675,13.678144601
Oregon,2004,5023,15.32207984
Oregon,2005,5395,18.005362596
Oregon,2006,5760,19.469940522
Oregon,2007,6003,18.949099326
Oregon,2008,6232,17.126156696
Oregon,2009,6502,16.682675032
Oregon,2010,6750,18.023186459999998
Oregon,2011,6987,20.60051039
Oregon,2012,7159,21.918700452
Oregon,2013,7378,21.828058738
Oregon,2014,7899,21.156402938
Oregon,2015,8438,20.93142234
Oregon,2016,8699,21.271170224
Oregon,2017,8827,22.366806078
Oregon,2018,9168,23.496480916
Oregon,2019,9635,24.290695684
Pennsylvania,1999,4430,11.5729236222
Pennsylvania,2000,4702,12.6511032512
Pennsylvania,2001,5056,14.510852219
Pennsylvania,2002,5389,17.4626859756
Pennsylvania,2003,5791,19.6470278626
Pennsylvania,2004,6166,20.2816659088
Pennsylvania,2005,6572,19.759408832
Pennsylvania,2006,6868,19.9435444808
Pennsylvania,2007,7239,21.7637942458
Pennsylvania,2008,7457,25.4273228692
Pennsylvania,2009,7655,27.807183631999997
Pennsylvania,2010,8069,27.560070374000002
Pennsylvania,2011,8371,25.454936189999998
Pennsylvania,2012,8577,26.59652912
Pennsylvania,2013,8802,33.041106948
Pennsylvania,2014,9142,41.958242104
Pennsylvania,2015,9562,43.935458804
Pennsylvania,2016,9980,37.108920206
Pennsylvania,2017,10342,29.28778604
Pennsylvania,2018,10910,27.926328167999998
Pennsylvania,2019,11175,31.5428812106
Rhode Island,1999,4495,5.776977327
Rhode Island,2000,4772,5.4117304362
Rhode Island,2001,5141,5.5836924176
Rhode Island,2002,5564,6.5397990545999996
Rhode Island,2003,5992,7.5081168696
Rhode Island,2004,6446,8.1898582708
Rhode Island,2005,6986,8.5384719582
Rhode Island,2006,7326,9.0264867276
Rhode Island,2007,7717,10.1735900088
Rhode Island,2008,8048,12.182065718
Rhode Island,2009,8343,14.0099592822
Rhode Island,2010,8460,14.894700477399999
Rhode Island,2011,8665,14.542713901199999
Rhode Island,2012,8859,14.5116168352
Rhode Island,2013,9016,15.203980147
Rhode Island,2014,9484,16.173850184600003
Rhode Island,2015,9914,16.060047482
Rhode Island,2016,10159,14.8629684912
Rhode Island,2017,10290,13.5015670654
Rhode Island,2018,10464,13.9814697406
Rhode Island,2019,10988,16.4677518174
South Carolina,1999,3621,16.4171024346
South Carolina,2000,3848,15.2670389514
South Carolina,2001,4222,15.6576600982
South Carolina,2002,4547,15.6826688516
South Carolina,2003,4836,16.11133529
South Carolina,2004,5128,16.9111013436
South Carolina,2005,5408,18.01878611
South Carolina,2006,5675,19.713665788
South Carolina,2007,5915,22.4712804936
South Carolina,2008,6158,26.5262919132
South Carolina,2009,6338,29.858879458
South Carolina,2010,6507,31.128725448
South Carolina,2011,6638,30.217647094
South Carolina,2012,6785,30.505388278
South Carolina,2013,6918,32.55887322
South Carolina,2014,7210,35.864389968
South Carolina,2015,7446,38.396525858
South Carolina,2016,7669,40.570934971999996
South Carolina,2017,7855,42.9907093
South Carolina,2018,7975,44.499631648
South Carolina,2019,8345,43.870824826
South Census Region,1999,3905.6470588235293,16.068643034
South Census Region,2000,4130.705882352941,15.1881220184
South Census Region,2001,4443.588235294118,15.653013834200001
South Census Region,2002,4784.176470588235,16.9508458834
South Census Region,2003,5138.941176470588,18.5542599022
South Census Region,2004,5484.117647058823,19.916538608
South Census Region,2005,5805.705882352941,20.839637342
South Census Region,2006,6125.529411764706,21.61867289
South Census Region,2007,6436,22.764945472
South Census Region,2008,6668.35294117647,24.70170481
South Census Region,2009,6934.588235294118,27.081642107999997
South Census Region,2010,7103.64705882353,29.246891962
South Census Region,2011,7295.588235294118,30.893692534
South Census Region,2012,7534.117647058823,32.924797756000004
South Census Region,2013,7660,35.706806792
South Census Region,2014,8024.64705882353,38.980634324
South Census Region,2015,8401.35294117647,40.902691456
South Census Region,2016,8703.941176470587,41.32710548
South Census Region,2017,9004.470588235294,40.793558202
South Census Region,2018,9233,39.675134291999996
South Census Region,2019,9611,37.531067592
South Dakota,1999,3935,20.0491405382
South Dakota,2000,4157,18.074498619
South Dakota,2001,4374,17.1297694892
South Dakota,2002,4836,18.1864707242
South Dakota,2003,5182,19.653908735
South Dakota,2004,5414,21.906426758000002
South Dakota,2005,5887,26.03375853
South Dakota,2006,6267,29.676303393999998
South Dakota,2007,6591,31.887720010000002
South Dakota,2008,6969,32.502490164
South Dakota,2009,7372,35.015601392
South Dakota,2010,7766,41.00642395
South Dakota,2011,8154,49.363169446
South Dakota,2012,8452,52.061071438
South Dakota,2013,8674,49.93332863
South Dakota,2014,9103,47.106316268
South Dakota,2015,9627,44.988884766
South Dakota,2016,10046,44.012676
South Dakota,2017,10440,46.839615278
South Dakota,2018,11086,51.069718546
South Dakota,2019,11627,53.013817538
Tennessee,1999,3827,19.6916506862
Tennessee,2000,4086,19.7710215158
Tennessee,2001,4470,20.627684165999998
Tennessee,2002,4688,19.5061459992
Tennessee,2003,5085,19.7045670852
Tennessee,2004,5500,20.7920185188
Tennessee,2005,5765,21.337183904
Tennessee,2006,5958,22.279642273
Tennessee,2007,6231,25.562789638399998
Tennessee,2008,6310,33.2349860012
Tennessee,2009,6497,40.790307188
Tennessee,2010,6630,43.67068223
Tennessee,2011,6738,42.672029144
Tennessee,2012,7011,44.2768681
Tennessee,2013,7128,48.505610172
Tennessee,2014,7418,54.375642856
Tennessee,2015,7806,57.593960167999995
Tennessee,2016,8065,57.562613741999996
Tennessee,2017,8485,56.086845464
Tennessee,2018,8565,56.278010856
Tennessee,2019,8827,57.133386588
Texas,1999,3470,16.755164594
Texas,2000,3639,14.87035074
Texas,2001,3924,15.1779257542
Texas,2002,4251,17.8918688506
Texas,2003,4445,21.722347980000002
Texas,2004,4660,24.682462646
Texas,2005,5046,25.68486901
Texas,2006,5275,26.3818064126
Texas,2007,5497,28.029396822
Texas,2008,5741,31.000846764
Texas,2009,5973,34.861053712
Texas,2010,6111,39.293682562
Texas,2011,6259,43.331391522
Texas,2012,6475,45.61910203
Texas,2013,6510,46.081585974
Texas,2014,6825,44.778064008
Texas,2015,7217,42.7590383
Texas,2016,7393,40.706809852
Texas,2017,7572,38.406416128
Texas,2018,7711,35.106245976
Texas,2019,8028,29.651199432
Utah,1999,2775,15.4706245074
Utah,2000,3027,13.2984274532
Utah,2001,3285,13.76538742
Utah,2002,3619,16.490570318
Utah,2003,3873,20.3570877
Utah,2004,4158,24.784686578
Utah,2005,4428,30.096670102
Utah,2006,4635,32.53182032
Utah,2007,4863,30.842577798
Utah,2008,5021,26.909236878
Utah,2009,5099,26.017284648
Utah,2010,5133,28.143788934
Utah,2011,5280,30.860436999999997
Utah,2012,5474,30.901094024
Utah,2013,5554,29.636343992
Utah,2014,5825,28.395151182
Utah,2015,6112,28.347911016
Utah,2016,6398,29.355499144
Utah,2017,6628,32.637456618
Utah,2018,7008,44.820672532
Utah,2019,7193,83.038694718
Vermont,1999,4033,9.6321065736
Vermont,2000,4398,7.326852539
Vermont,2001,4792,7.0164180142
Vermont,2002,5260,8.1732536678
Vermont,2003,5840,9.233620526800001
Vermont,2004,6233,10.2246477106
Vermont,2005,6665,11.7736805642
Vermont,2006,7304,14.2296313048
Vermont,2007,7654,18.3399372364
Vermont,2008,7972,23.085172254800003
Vermont,2009,8464,23.813881293199998
Vermont,2010,8850,20.9566658872
Vermont,2011,9209,17.104784905800003
Vermont,2012,9679,15.1371175048
Vermont,2013,10247,14.583191818
Vermont,2014,10589,14.536700488600001
Vermont,2015,11010,14.5471548064
Vermont,2016,11246,14.595981751
Vermont,2017,11521,14.3834381224
Vermont,2018,11797,14.2941915056
Vermont,2019,12159,14.0619178532
Virginia,1999,3354,13.4083634172
Virginia,2000,3661,12.4647630316
Virginia,2001,3850,11.658681438
Virginia,2002,4194,12.0359694668
Virginia,2003,4550,13.3015595674
Virginia,2004,4877,14.6193128274
Virginia,2005,5178,15.544632302
Virginia,2006,5484,16.140473235600002
Virginia,2007,5803,16.7383112028
Virginia,2008,6098,17.6900059518
Virginia,2009,6414,19.1210436452
Virginia,2010,6548,20.1690440986
Virginia,2011,6790,19.8786433662
Virginia,2012,7045,20.0721901374
Virginia,2013,7192,22.124735448
Virginia,2014,7449,26.4355744516
Virginia,2015,7750,31.3606876538
Virginia,2016,7987,36.289459516
Virginia,2017,8176,38.873220158
Virginia,2018,8425,37.607031924
Virginia,2019,8826,35.27939937
Washington,1999,3641,14.5215875648
Washington,2000,3863,14.7058665642
Washington,2001,4168,15.8062773344
Washington,2002,4541,17.5176030502
Washington,2003,4882,19.600948616
Washington,2004,5130,22.535008064
Washington,2005,5462,26.676360226
Washington,2006,5754,28.395363602
Washington,2007,6157,26.294421794
Washington,2008,6489,22.242918418
Washington,2009,6805,20.983229886
Washington,2010,6912,22.4684776
Washington,2011,7022,25.628938794
Washington,2012,7333,27.264977382
Washington,2013,7356,27.147995448
Washington,2014,7602,26.026796326
Washington,2015,7904,26.202346012
Washington,2016,8097,28.003392684
Washington,2017,8278,32.050568232
Washington,2018,8588,42.123908536
Washington,2019,8964,66.019848954
West Census Region,1999,3423.5384615384614,15.5810535316
West Census Region,2000,3666.3076923076924,13.479671984
West Census Region,2001,3970.6153846153848,14.154631706
West Census Region,2002,4318.076923076923,17.625895316
West Census Region,2003,4628.923076923077,22.272028044
West Census Region,2004,4916.307692307692,26.329740824
West Census Region,2005,5274.7692307692305,29.416582548
West Census Region,2006,5572.076923076923,30.443842698
West Census Region,2007,5917.615384615385,28.894748482
West Census Region,2008,6155.692307692308,25.750263148000002
West Census Region,2009,6355.153846153846,24.627638428
West Census Region,2010,6529.538461538462,25.6179889
West Census Region,2011,6703.076923076923,28.023869424
West Census Region,2012,6948.307692307692,29.962371696
West Census Region,2013,7079.076923076923,31.37494874
West Census Region,2014,7412.076923076923,32.428843512
West Census Region,2015,7835.615384615385,33.086567466000005
West Census Region,2016,8119.7692307692305,33.290538722
West Census Region,2017,8436.76923076923,33.757564554
West Census Region,2018,8761.923076923076,35.785317156
West Census Region,2019,9142.076923076924,40.042726462
West Virginia,1999,4221,10.1834897704
West Virginia,2000,4458,11.4104783542
West Virginia,2001,4872,11.6981500742
West Virginia,2002,5250,11.9978811992
West Virginia,2003,5628,12.6208185418
West Virginia,2004,6013,13.179996435
West Virginia,2005,6385,13.2393424394
West Virginia,2006,6707,12.9151125892
West Virginia,2007,7089,12.8226229168
West Virginia,2008,7311,13.352138912800001
West Virginia,2009,7748,14.2988240734
West Virginia,2010,7920,15.2279809788
West Virginia,2011,8210,15.6908589196
West Virginia,2012,8712,16.236176226399998
West Virginia,2013,8891,17.2883463682
West Virginia,2014,9385,18.7868512684
West Virginia,2015,9947,19.959783386799998
West Virginia,2016,10488,20.5511991984
West Virginia,2017,11017,20.6506368714
West Virginia,2018,11337,21.7577022458
West Virginia,2019,11951,24.7837772086
Wisconsin,1999,4001,8.98401372
Wisconsin,2000,4314,7.339258314
Wisconsin,2001,4744,7.569282663
Wisconsin,2002,5085,9.8878377168
Wisconsin,2003,5411,12.4904429692
Wisconsin,2004,5766,14.5959821962
Wisconsin,2005,6139,16.2958026094
Wisconsin,2006,6553,17.0050729652
Wisconsin,2007,6883,16.946120540400003
Wisconsin,2008,7148,16.4949062672
Wisconsin,2009,7441,16.820769212
Wisconsin,2010,7605,18.1613888794
Wisconsin,2011,7825,20.1540479558
Wisconsin,2012,7906,21.8481824346
Wisconsin,2013,7984,23.1780275556
Wisconsin,2014,8371,24.155214282
Wisconsin,2015,8654,24.518199352
Wisconsin,2016,8809,23.852614598
Wisconsin,2017,9019,22.742807914
Wisconsin,2018,9244,21.593414392
Wisconsin,2019,9652,20.1881322594
Wyoming,1999,3606,21.423238002599998
Wyoming,2000,3964,17.854712716599998
Wyoming,2001,4275,17.6995747364
Wyoming,2002,4706,20.5061083732
Wyoming,2003,5003,24.841344922
Wyoming,2004,5282,30.751877604
Wyoming,2005,5686,39.935021307999996
Wyoming,2006,6154,47.143333112
Wyoming,2007,6560,46.341225824
Wyoming,2008,6796,38.437365186
Wyoming,2009,6943,33.872121108
Wyoming,2010,7244,32.16657127
Wyoming,2011,7482,30.85354084
Wyoming,2012,7749,30.243664618
Wyoming,2013,7845,31.90792481
Wyoming,2014,8269,36.018916684
Wyoming,2015,8652,40.738771672
Wyoming,2016,8976,45.796471726
Wyoming,2017,9496,50.042846896
Wyoming,2018,9787,54.454258302
Wyoming,2019,10111,55.127296898
